Iteration,Created time,Creative number,Creator,Date,Game Title,PM,Period,Status,Team,Video Count,날짜
Snake Clash_13th_UA_Iteration,"April 4, 2026 8:09 PM",90144~90145,Falcon,,Snake Clash,,April W3 (4/13~),Done,Video Ads Team,,
Pizza Ready_2nd_UA_Iteration,"April 4, 2026 8:09 PM","90016~90021              ",Miko,,Pizza Ready,,April W4 (4/20~),Done,Video Ads Team,,
Snake Clash_11th_UA_Iteration,"April 4, 2026 8:59 PM",90132~90133,Miko,,Snake Clash,,April W2 (4/6~),Done,Video Ads Team,,
Snake Clash_11th_UA_Iteration,"April 4, 2026 9:00 PM",90130~90131,Ruelle,,Snake Clash,,April W2 (4/6~),Done,Video Ads Team,,
"Arrow Fever_5th_UA_Iteration ","April 4, 2026 9:00 PM",90080~90085,Aaron,,Arrow Fever,,April W2 (4/6~),Done,Video Ads Team,6,
Super Big Slime_1st_UA_Iteration,"April 4, 2026 9:01 PM",90001~90007,Ruelle,,Super Big Slime,,April W3 (4/13~),Done,Video Ads Team,,
Burger Please!_1st_UA_Iteration,"April 4, 2026 9:01 PM",90001~90006,Miko,,Burger Please!,,April W3 (4/13~),Done,Video Ads Team,,
Dino_5th_AI_Iteration,"April 4, 2026 9:01 PM",90045 ~ 90049,Kurly,,Dino Universe,,April W2 (4/6~),Done,AI Ads Team,,
PizzaReady_1st_AI_iteration,"April 4, 2026 9:02 PM",90001~90005,Ellie,,Pizza Ready,,April W2 (4/6~),Done,AI Ads Team,,
Snake_12th_AI_Iteration,"April 4, 2026 9:02 PM",90125 ~ 90129,Hozler,,Snake Clash,,April W2 (4/6~),Done,AI Ads Team,,
XP Hero_6th_AI_Iteration,"April 4, 2026 9:03 PM",90066 ~ 90067,Elliot,,XP Hero,,April W2 (4/6~),Done,AI Ads Team,,
XP Hero_6th_AI_Iteration,"April 4, 2026 9:03 PM",90064 ~ 90065,Thiago,,XP Hero,,April W2 (4/6~),Done,AI Ads Team,,
Snake_13th_AI_Iteration 2,"April 4, 2026 9:05 PM",90139 ~ 90143,Elliot,,Snake Clash,,April W3 (4/13~),Done,AI Ads Team,,
Snake_13th_AI_Iteration 1,"April 4, 2026 9:05 PM",90134~90138,Hozler,,Snake Clash,,April W3 (4/13~),Done,AI Ads Team,,
Prison Life_2nd_AI_Iteration,"April 4, 2026 9:05 PM",90008 ~ 90012,Thiago,,Prison Life,,April W3 (4/13~),Done,AI Ads Team,,
Lumber_1st_AI_Iteration 1,"April 4, 2026 9:05 PM",90004~90008,Ellie,,Lumber Chopper,,April W3 (4/13~),Done,AI Ads Team,,
XP Hero_7th_AI_Iteration,"April 4, 2026 9:05 PM",90068 ~ 90069,Pax,,XP Hero,,April W3 (4/13~),Done,AI Ads Team,,
Dino Universe_6th_Iteration,"April 4, 2026 9:40 PM",90055~90062,"Aaron, Bomi",,Dino Universe,,April W4 (4/20~),Done,Video Ads Team,8,
Snake Clash_14th_UA_Iteration 2,"April 4, 2026 9:40 PM",90152~90157,Ruelle,,Snake Clash,,April W4 (4/20~),Done,Video Ads Team,,
Arrow Fever_6th_UA_Iteration,"April 4, 2026 9:40 PM",90096-90103,Falcon,,Arrow Fever,,April W4 (4/20~),Done,Video Ads Team,,
ArrowFever_9th_AI_Iteration,"April 4, 2026 9:40 PM",90086 ~ 90094,Hozler,,Arrow Fever,,April W4 (4/20~),Done,AI Ads Team,,
PizzaReady_2nd_AI_Iteration_2,"April 4, 2026 9:40 PM",90011 ~ 90015,Elliot,,Pizza Ready,,April W4 (4/20~),Done,AI Ads Team,,
PizzaReady_2nd_AI_Iteration_1,"April 4, 2026 9:40 PM",90006 ~ 90010,Kurly,,Pizza Ready,,April W4 (4/20~),Done,AI Ads Team,,
Snake Clash_14th_AI_Iteration 1,"April 4, 2026 9:40 PM",90146 ~ 90151,Thiago,,Snake Clash,,April W4 (4/20~),Done,AI Ads Team,,
XP_8th_AI_Iteration,"April 4, 2026 9:40 PM",90070 ~ 90074,Ellie,,XP Hero,,April W4 (4/20~),Done,AI Ads Team,,
Lumber_1st_AI_Iteration 2,"April 9, 2026 5:04 PM",90001 ~ 90003,Kurly,,Lumber Chopper,,April W3 (4/13~),Done,AI Ads Team,,
Dino_6th_AI_Iteration,"April 9, 2026 5:12 PM",90050 ~ 90054,Pax,,Dino Universe,,April W4 (4/20~),Done,AI Ads Team,,
Downhill_1st_UA_Iteration,"April 11, 2026 6:11 AM",90001~90006,Aaron,,Downhill,,April W3 (4/13~),Done,Video Ads Team,6,
"Snake Clash_15th_UA_iteration ","April 20, 2026 2:35 PM",90166~90168,Aaron,,Snake Clash,,April W5 (04/27~),Done,Video Ads Team,6,
Arrow Fever_7th_UA_Iteration,"April 20, 2026 2:36 PM",90104~90105,Miko,,Arrow Fever,,April W5 (04/27~),Done,Video Ads Team,,
Arrow Fever_7th_UA_Iteration,"April 20, 2026 2:37 PM",90106~90108,Ruelle,,Arrow Fever,,April W5 (04/27~),Done,Video Ads Team,,
Super Big Slime_2nd_UA_Iteration,"April 20, 2026 2:37 PM",90008~90010,Falcon,,Super Big Slime,,April W5 (04/27~),Done,Video Ads Team,,
"Snake Clash_16th_UA_Iteration ","April 20, 2026 2:37 PM",90169~90174,Miko,,Snake Clash,,May W1 (05/04~),Done,Video Ads Team,,
Mosquito.io_1st_UA_Iteration,"April 20, 2026 2:37 PM",90001~90006,Ruelle,,Mosquito,,May W1 (05/04~),Done,Video Ads Team,,
Pizza Ready_4th_UA_Iteration,"April 20, 2026 2:37 PM",90028~90033,Falcon,,Pizza Ready,,May W1 (05/04~),Done,Video Ads Team,,
Burger Please_2nd_UA_Iteration,"April 20, 2026 2:37 PM",90007~90011,Aaron,,Burger Please!,,May W1 (05/04~),Done,Video Ads Team,5,
Snake Clash_17th_UA_Iteration,"April 20, 2026 2:37 PM",90185-90193,Falcon,,Snake Clash,,May W2 (05/11~),Done,Video Ads Team,,
Dino Universe_8th_Iteration,"April 20, 2026 2:38 PM",90074~90078,Aaron,,Dino Universe,Bomi,May W2 (05/11~),Done,Video Ads Team,6,
Arrow Fever_8th_UA_Iteration,"April 20, 2026 2:38 PM",90109~90114,Ruelle,,Arrow Fever,,May W2 (05/11~),Done,Video Ads Team,,
Arrow Fever_8th_UA_Iteration,"April 20, 2026 2:38 PM",90115~90120,Miko,,Arrow Fever,,May W2 (05/11~),Done,Video Ads Team,,
Snake Clash_18th_UA_Iteration,"April 20, 2026 2:38 PM",90198~90206,Ruelle,,Snake Clash,,May W3 (05/18~),Done,Video Ads Team,,
Pizza Ready_6th_UA_Iteration,"April 20, 2026 2:38 PM",90055~90059,Tilda,,Pizza Ready,,May W3 (05/18~),Done,Video Ads Team,5,
Downhill_2nd_UA_Interation,"April 20, 2026 2:38 PM",90007-90012,Falcon,,Downhill,,May W3 (05/18~),Done,Video Ads Team,,
Snake Clash_18th_UA_iteration,"April 20, 2026 2:38 PM",90207~90211,Aaron,,Snake Clash,,May W3 (05/18~),Done,Video Ads Team,6,
Snake Clash 19th_UA_iteration,"April 20, 2026 2:38 PM",90212~90217,Aaron,,Snake Clash,,May W4 (05/25~),Done,Video Ads Team,6,
Arrow Fever_9th_UA_Iteration,"April 20, 2026 2:38 PM",90121~90125,Quinne,,Arrow Fever,,May W4 (05/25~),Done,Video Ads Team,5,
Arrow Fever_9th_UA_Iteration,"April 20, 2026 2:38 PM",90126~90131,Tilda,,Arrow Fever,,May W4 (05/25~),Done,Video Ads Team,6,
Super Big Slime_3rd_UA_Iteration,"April 20, 2026 2:38 PM",90011~90018,Miko,,Super Big Slime,,May W4 (05/25~),Done,Video Ads Team,,
XP_9th_AI_Iteration_2,"April 20, 2026 3:56 PM",90078 ~ 90080,Elliot,,XP Hero,,April W5 (04/27~),Done,AI Ads Team,,
XP_9th_AI_Iteration_1,"April 20, 2026 3:56 PM",90075 ~ 90077,Kurly,,XP Hero,,April W5 (04/27~),Done,AI Ads Team,,
PizzaReady_3rd_AI_Iteration 1,"April 20, 2026 3:56 PM",90022 ~ 90024,Pax,,Pizza Ready,,April W5 (04/27~),Done,AI Ads Team,,
Pizza Ready_3rd_AI_Iteration 2,"April 20, 2026 3:56 PM",90025 ~ 90027,Thiago,,Pizza Ready,,April W5 (04/27~),Done,AI Ads Team,,
SnakeClash_15th_AI_Iteration 2,"April 20, 2026 3:56 PM",90158 ~ 90160,Ellie,,Snake Clash,,April W5 (04/27~),Done,AI Ads Team,,
SnakeClash_15th_AI_Iteration 1,"April 20, 2026 3:56 PM",90161 ~ 90165,Hozler,,Snake Clash,,April W5 (04/27~),Done,AI Ads Team,,
XP Hero_ 10th_AI_ Iteration_2,"April 20, 2026 3:56 PM",90087 ~ 90091,Hozler,,XP Hero,,May W1 (05/04~),Done,AI Ads Team,,
XP Hero_10th_AI_Iteration_1,"April 20, 2026 3:56 PM",90081 ~ 90086,Thiago,,XP Hero,,May W1 (05/04~),Done,AI Ads Team,,
Dino_7th_AI_Iteration_2,"April 20, 2026 3:56 PM",90063~90067,Kurly,,Dino Universe,,May W1 (05/04~),Done,AI Ads Team,,
Dino_7th_AI_Iteration_1,"April 20, 2026 3:56 PM",90068~90073,Ellie,,Dino Universe,,May W1 (05/04~),Done,AI Ads Team,,
Lumper Chopper_2nd_AI_Iteration_2,"April 20, 2026 3:56 PM",90014~90018,Pax,,Lumber Chopper,,May W1 (05/04~),Done,AI Ads Team,,
Lumper Chopper_2nd_AI_Iteration_1,"April 20, 2026 3:56 PM",90009~90013,Elliot,,Lumber Chopper,,May W1 (05/04~),Done,AI Ads Team,,
XP Hero_11th_AI_Iteration_2,"April 20, 2026 3:56 PM",90097 ~ 90101,Pax,,XP Hero,,May W2 (05/11~),Done,AI Ads Team,,
Pizza Ready_5th_AI_Iteration 2,"April 20, 2026 3:56 PM",90039 ~ 90043,Ellie,,Pizza Ready,,May W2 (05/11~),Done,AI Ads Team,,
Pizza Ready_5th_AI_Iteration 1,"April 20, 2026 3:56 PM",90034 ~ 90038,Hozler,,Pizza Ready,,May W2 (05/11~),Done,AI Ads Team,,
SnakeClash_17th_AI_Iteration_2,"April 20, 2026 3:56 PM",90180 ~ 90184,Kurly,,Snake Clash,,May W2 (05/11~),Done,AI Ads Team,,
Snake Clash_17th_AI_Iteration 1,"April 20, 2026 3:56 PM",90175 ~ 90179,Thiago,,Snake Clash,,May W2 (05/11~),Done,AI Ads Team,,
XP Hero_12th_AI_Iteration_2,"April 20, 2026 3:56 PM",90102 ~ 90106,Ellie,,XP Hero,,May W3 (05/18~),Done,AI Ads Team,,
Prison Life_3rd_AI_Iteration,"April 20, 2026 3:56 PM",90013 ~ 90017,Pax,,Prison Life,,May W3 (05/18~),Done,AI Ads Team,,
Dino Universe_9th_AI_Iteration,"April 20, 2026 3:56 PM",90079 ~ 90083,Thiago,,Dino Universe,,May W3 (05/18~),Done,AI Ads Team,,
LumberChopper_3rd_AI_Iteration,"April 20, 2026 3:56 PM",90019 ~ 90024,Kurly,,Lumber Chopper,,May W3 (05/18~),Done,AI Ads Team,,
Pizza Ready_6th_AI_Iteration,"April 20, 2026 3:56 PM",90044 ~ 90048,Elliot,,Pizza Ready,,May W3 (05/18~),Done,AI Ads Team,,
XP Hero_13th_AI_Iteration_2,"April 20, 2026 3:56 PM",90122 ~ 90125,Kurly,,XP Hero,,May W4 (05/25~),Done,AI Ads Team,,
SnakeClash_19th_AI_Iteration_2,"April 20, 2026 3:56 PM",90223 ~ 90227,Elliot,,Snake Clash,,May W4 (05/25~),Done,AI Ads Team,,
Pizza Ready_7th_AI_Iteration_2,"April 20, 2026 3:56 PM",90065~90069,Hozler,,Pizza Ready,,May W4 (05/25~),Done,AI Ads Team,,
Pizza Ready_7th_AI_Iteration_1,"April 20, 2026 3:56 PM",90060~90064,Pax,,Pizza Ready,,May W4 (05/25~),Done,AI Ads Team,,
SnakeClash_19th_AI_Iteration_1,"April 20, 2026 3:56 PM",90218~90222,Ellie,,Snake Clash,,May W4 (05/25~),Done,AI Ads Team,,
XP Hero_13th_AI_Iteration_1,"April 20, 2026 3:56 PM",90113 ~ 90121,Thiago,,XP Hero,,May W4 (05/25~),Done,AI Ads Team,,
XP Hero_12th_AI_Iteration_1,"April 20, 2026 4:06 PM",90107 ~ 90112,Hozler,,XP Hero,,May W3 (05/18~),Done,AI Ads Team,,
XP Hero_11th_AI_Iteration_1,"April 20, 2026 4:06 PM",90092 ~ 90096,Elliot,,XP Hero,,May W2 (05/11~),Done,AI Ads Team,,
Snake Clash_17th_UA_Iteration,"May 11, 2026 3:44 PM",90196~90197,Tilda,,Snake Clash,,May W2 (05/11~),Done,Video Ads Team,2,
Snake Clash_17th_UA_Iteration,"May 11, 2026 3:44 PM",90194~90195,Quinne,,Snake Clash,,May W2 (05/11~),Done,Video Ads Team,2,
Pizza Ready_6th_UA_Iteration,"May 14, 2026 11:57 AM",90049~90054,Quinne,,Pizza Ready,,May W3 (05/18~),Done,Video Ads Team,6,
Mosquito.io_2nd_UA_Iteration,"May 14, 2026 11:58 AM",90007~90013,Miko,,Mosquito,,May W3 (05/18~),Done,Video Ads Team,,
Burger Please!_3rd_UA_Iteration,"May 14, 2026 11:59 AM",90012~90020,Ruelle,,Burger Please!,,May W4 (05/25~),Done,Video Ads Team,,
Pizza Ready_7th_UA_Iteration,"May 14, 2026 12:00 PM",90070-90076,Falcon,,Pizza Ready,,May W4 (05/25~),Done,Video Ads Team,,
Snake Clash_20th_UA_Iteration,"May 27, 2026 9:07 AM",90233~90238,Aaron,,Snake Clash,,June W1 (06/01~),Done,Video Ads Team,6,
Snake Clash_20th_UA_Iteration,"May 27, 2026 9:07 AM",90239~90245,Tilda,,Snake Clash,,June W1 (06/01~),Done,Video Ads Team,6,
Arrow Fever_10th_UA_Iteration 1,"May 27, 2026 9:07 AM",90132~90137,Falcon,,Arrow Fever,,June W1 (06/01~),Done,Video Ads Team,6,
Arrow Fever_10th_UA_Iteration,"May 27, 2026 9:07 AM",90138~90143,Miko,,Arrow Fever,,June W1 (06/01~),Done,Video Ads Team,6,
Arrow Fever_10th_UA_Iteration,"May 27, 2026 9:07 AM",90144~90149,Ruelle,,Arrow Fever,,June W1 (06/01~),Done,Video Ads Team,6,
Super Big Slime_4th_UA_Iteration,"May 27, 2026 9:07 AM",90019~90024,Quinne,,Super Big Slime,,June W1 (06/01~),Done,Video Ads Team,6,
Snake Clash_21st_UA_Iteration,"May 27, 2026 9:08 AM",90246~90250,Quinne,,Snake Clash,,June W2 (06/08~),Done,Video Ads Team,5,
Snake Clash_21st_UA_Iteration,"May 27, 2026 9:08 AM",90251~90256,Falcon,,Snake Clash,,June W2 (06/08~),Done,Video Ads Team,6,
Pizza Ready_9th_UA_Iteration,"May 27, 2026 9:08 AM",90088~90093,Tilda,,Pizza Ready,,June W2 (06/08~),Done,Video Ads Team,6,
Pizza Ready_9th_UA_Iteration,"May 27, 2026 9:08 AM",90094~90099,Miko,,Pizza Ready,,June W2 (06/08~),Done,Video Ads Team,6,
Pizza Ready_9th_UA_Iteration,"May 27, 2026 9:08 AM",90100~90105,Ruelle,,Pizza Ready,,June W2 (06/08~),Done,Video Ads Team,6,
Dino Universe 10th UA interation,"May 27, 2026 9:08 AM",90094~90099,Aaron,,Dino Universe,,June W2 (06/08~),Done,Video Ads Team,6,
"Snake Clash_22nd_UA_Iteration ","May 27, 2026 9:08 AM",90262-90267,Aaron,,Snake Clash,,June W3 (06/15~),Done,Video Ads Team,6,
Snake Clash_22nd_UA_Iteration,"May 27, 2026 9:08 AM",90268-90273,Tilda,,Snake Clash,,June W3 (06/15~),Done,Video Ads Team,6,
Arrow Fever_11th_UA_Iteration,"May 27, 2026 9:08 AM",90165~90172,Falcon,,Arrow Fever,,June W3 (06/15~),Done,Video Ads Team,8,
Arrow Fever_11th_UA_Iteration,"May 27, 2026 9:08 AM",90157~90164,Miko,,Arrow Fever,,June W3 (06/15~),Done,Video Ads Team,8,
Arrow Fever_11th_UA_Iteration,"May 27, 2026 9:08 AM",90150~90156,Ruelle,,Arrow Fever,,June W3 (06/15~),Done,Video Ads Team,7,
Burger Please_4th_UA_Iteration,"May 27, 2026 9:08 AM",90021~90026,Quinne,,Burger Please!,,June W3 (06/15~),Done,Video Ads Team,6,
Snake Clash_23rd_UA_Iteration,"May 27, 2026 9:09 AM",90295~90301,Ruelle,,Snake Clash,,June W4 (06/22~),Done,Video Ads Team,7,
Snake Clash_23rd_UA_Iteration,"May 27, 2026 9:10 AM",90289~90294,Falcon,,Snake Clash,,June W4 (06/22~),Done,Video Ads Team,6,
Pizza Ready_11th_UA_Iteration,"May 27, 2026 9:10 AM",90122~90129,Miko,,Pizza Ready,,June W4 (06/22~),Done,Video Ads Team,8,
Pizza Ready_11th_UA_Iteration,"May 27, 2026 9:10 AM",90116~90121,Aaron,,Pizza Ready,,June W4 (06/22~),Done,Video Ads Team,6,
Mosquito.io_3rd_UA_Iteration,"May 27, 2026 9:10 AM",90014~90021,Tilda,,Mosquito,,June W4 (06/22~),Done,Video Ads Team,8,
Downhill_3rd_UA_Interation,"May 27, 2026 9:10 AM",90015~90021,Quinne,,Downhill,,June W4 (06/22~),Done,Video Ads Team,7,
XP Hero_14th_AI_Iteration_2,"May 27, 2026 9:14 AM",90131 ~ 90135,Ellie,,XP Hero,,June W1 (06/01~),Done,AI Ads Team,5,
XP Hero_14th_AI_Iteration_1,"May 27, 2026 9:14 AM",90126 ~ 90130,Elliot,,XP Hero,,June W1 (06/01~),Done,AI Ads Team,5,
Pizza Ready_8th_AI_Iteration 1,"May 27, 2026 9:14 AM",90077 ~ 90082,Thiago,,Pizza Ready,,June W1 (06/01~),Done,AI Ads Team,6,
Pizza Ready_8th_AI_Iteration_2,"May 27, 2026 9:14 AM",90083 ~ 90087,Kurly,,Pizza Ready,,June W1 (06/01~),Done,AI Ads Team,5,
"  Snake clash_20th_AI_Iteration","May 27, 2026 9:14 AM",90228 ~ 90232,Pax,,Snake Clash,,June W1 (06/01~),Done,AI Ads Team,5,
Lumber Chopper_4th_AI_Iteration,"May 27, 2026 9:14 AM",90025 ~ 90030,Hozler,,Lumber Chopper,,June W1 (06/01~),Done,AI Ads Team,6,
XP Hero_15th_AI_Iteration_2,"May 27, 2026 9:14 AM",90141 ~ 90146,Pax,,XP Hero,,June W2 (06/08~),Done,AI Ads Team,6,
XP Hero_15th_AI_Iteration_1,"May 27, 2026 9:14 AM",90136 ~ 90140,Kurly,,XP Hero,,June W2 (06/08~),Done,AI Ads Team,5,
Snake Clash_21st_AI_Iteration 1,"May 27, 2026 9:14 AM",90257 ~ 90261,Thiago,,Snake Clash,,June W2 (06/08~),Done,AI Ads Team,5,
Dino_10th_AI_Iteration_2,"May 27, 2026 9:14 AM",90089 ~ 90093,Ellie,,Dino Universe,,June W2 (06/08~),Done,AI Ads Team,5,
Dino_10th_AI_Iteration_1,"May 27, 2026 9:14 AM",90084 ~ 90088,Elliot,,Dino Universe,,June W2 (06/08~),Done,AI Ads Team,5,
Prison Life_4th_AI_Iteration,"May 27, 2026 9:14 AM",90018 ~ 90023,Hozler,,Prison Life,,June W2 (06/08~),Done,AI Ads Team,6,
XP Hero_16th_AI_Iteration_2,"May 27, 2026 9:14 AM",90154 ~ 90160,Hozler,,XP Hero,,June W3 (06/15~),Done,AI Ads Team,7,
XP Hero_16th_AI_Iteration_1,"May 27, 2026 9:14 AM",90147 ~ 90153,Thiago,,XP Hero,,June W3 (06/15~),Done,AI Ads Team,7,
Pizza Ready_10th_AI_Iteration_1,"May 27, 2026 9:14 AM",90106 ~ 90110,Elliot,,Pizza Ready,,June W3 (06/15~),Done,AI Ads Team,5,
Pizza Ready_10th_AI_Iteration 2,"May 27, 2026 9:14 AM",90111 ~ 90115,Ellie,,Pizza Ready,,June W3 (06/15~),Done,AI Ads Team,5,
Snake Clash_22nd_AI_Iteration,"May 27, 2026 9:14 AM",90278 ~ 90282,Kurly,,Snake Clash,,June W3 (06/15~),Done,AI Ads Team,5,
Lumber chopper_5th_AI_Iteration,"May 27, 2026 9:14 AM",90031~90036,Pax,,Lumber Chopper,,June W3 (06/15~),Done,AI Ads Team,6,
XP Hero_17th_AI_Iteration_2,"May 27, 2026 9:14 AM",90166 ~ 90170,Elliot,,XP Hero,,June W4 (06/22~),Done,AI Ads Team,5,
XP Hero_17th_AI_Iteration_1,"May 27, 2026 9:14 AM",90161~90165,Pax,,XP Hero,,June W4 (06/22~),Done,AI Ads Team,5,
Snake Clash_23rd_AI_Iteration,"May 27, 2026 9:14 AM",90308 ~ 90311,Ellie,,Snake Clash,,June W4 (06/22~),Done,AI Ads Team,4,
Dino Universe_11th_AI_Iteration 2,"May 27, 2026 9:14 AM",90104 ~ 90109,Hozler,,Dino Universe,,June W4 (06/22~),Done,AI Ads Team,5,
Dino Universe_11th_AI_Iteration_1,"May 27, 2026 9:14 AM",90100 ~ 90103,Kurly,,Dino Universe,,June W4 (06/22~),Done,AI Ads Team,4,
Prison Life_5th_AI_Iteration,"May 27, 2026 9:14 AM",90024 ~ 90028,Thiago,,Prison Life,,June W4 (06/22~),Done,AI Ads Team,5,
Snake Clash_22nd_UA_Iteration,"June 15, 2026 4:24 PM",90274~90275,Zaid,,Snake Clash,,June W3 (06/15~),Done,Video Ads Team,2,
Snake Clash_22nd_UA_Iteration,"June 15, 2026 4:24 PM",90276~90277,Max,,Snake Clash,,June W3 (06/15~),Done,Video Ads Team,2,
Downhill Racer_3rd_AI_Iteration,"June 16, 2026 11:23 AM",90013 ~ 90014,Yuna,,Downhill,,June W4 (06/22~),Done,AI Ads Team,2,
Mosquito_3rd_AI_Iteration,"June 16, 2026 11:23 AM",90022~90023,Pax,,Mosquito,,June W4 (06/22~),Done,AI Ads Team,2,
Burger Please_5th_AI_Iteration,"June 16, 2026 11:23 AM",90027~90028,Hozler,,Burger Please!,,June W4 (06/22~),Done,AI Ads Team,2,
Super Big Slime_5th_AI_Iteration,"June 16, 2026 11:23 AM",90025 ~ 90026,Ellie,,Super Big Slime,,June W4 (06/22~),Done,AI Ads Team,2,
Paper Delivery Boy_1st_AI_Iteration,"June 16, 2026 11:23 AM",90001 ~ 90002,Elliot,,Paper Delivery Boy,,June W4 (06/22~),Done,AI Ads Team,2,
Outlets Rush_1st_AI_Iteration,"June 16, 2026 11:23 AM",90001 ~ 90002,Thiago,,Outlets Rush,,June W4 (06/22~),Done,AI Ads Team,2,
Crab Life_1st_AI_Iteration,"June 16, 2026 11:23 AM",90001 ~ 90002,Kurly,,CrabLife,,June W4 (06/22~),Done,AI Ads Team,2,
"Snake Clash_23rd_UA_Iteration
","June 17, 2026 8:35 AM",90302~90307,Zaid,,Snake Clash,,June W4 (06/22~),Done,Video Ads Team,6,
Snake Clash_23rd_UA_Iteration,"June 17, 2026 8:35 AM",90283~90288,Max,,Snake Clash,,June W4 (06/22~),Done,Video Ads Team,6,
,"June 26, 2026 11:32 AM",,,,,,July W1 (06/29~),Done,,2,
XP Hero_18th_AI_Iteration,"June 26, 2026 11:33 AM",90171 ~ 90176,Kurly,,XP Hero,,July W1 (06/29~),Done,AI Ads Team,6,
XP Hero_19th_AI_Iteration_2,"June 26, 2026 11:33 AM",90192~90196,Ellie,,XP Hero,,July W2 (07/06~),Done,AI Ads Team,5,
Burger Please!_7th_AI_Iteration,"June 26, 2026 11:34 AM",90037 ~ 90038,Thiago,,Burger Please!,,July W3 (07/13~),Done,AI Ads Team,2,
Snake Clash_27th_AI_Iteration 1,"June 26, 2026 11:34 AM",90412 ~ 90416,Kurly,,Snake Clash,,July W4 (07/20~),Done,AI Ads Team,5,
Suzy’s Restaurant_1st_UA_Iteration,"June 26, 2026 1:08 PM",90007~90012,Ruelle,,Suzy's Restaurant,,July W1 (06/29~),Done,Video Ads Team,6,
Pizza Ready_13th_UA_Iteration,"June 26, 2026 1:08 PM",90146~90154,Quinne,,Pizza Ready,,July W2 (07/06~),Done,Video Ads Team,9,
Pizza Ready_12th_AI_Iteration,"June 26, 2026 1:14 PM",90130 ~ 90134,Elliot,,Pizza Ready,,July W1 (06/29~),Done,AI Ads Team,4,
Snake Clash_24th_AI_Iteration,"June 26, 2026 1:14 PM",90318 ~ 90323,Hozler,,Snake Clash,,July W1 (06/29~),Done,AI Ads Team,6,
Bulldozer_1st_AI_Iteration,"June 26, 2026 1:15 PM",90007 ~ 90010,Ellie,,Bulldozer Master,,July W1 (06/29~),Done,AI Ads Team,4,
Dino Universe_12th_AI_Iteration,"June 26, 2026 1:15 PM",90110 ~ 90115,Thiago,,Dino Universe,,July W1 (06/29~),Done,AI Ads Team,6,
Prison life_6th_AI_Iteration,"June 26, 2026 1:15 PM",90029~90033,Pax,,Prison Life,,July W1 (06/29~),Done,AI Ads Team,5,
Crab Life_2nd_AI_Iteration,"June 26, 2026 1:21 PM",90003 ~ 90004,Kurly,,CrabLife,,July W1 (06/29~),Done,AI Ads Team,2,
Burger Please_6th_AI_Iteration,"June 26, 2026 1:21 PM",90029 ~ 90030,Hozler,,Burger Please!,,July W1 (06/29~),Done,AI Ads Team,2,
XP Hero_18th_AI_Iteration,"June 26, 2026 1:21 PM",90177 ~ 90179,Yuna,,XP Hero,,July W1 (06/29~),Done,AI Ads Team,3,
Downhill_4th_AI_Iteration,"June 26, 2026 1:21 PM",90022 ~ 90023,Ellie,,Downhill,,July W1 (06/29~),Done,AI Ads Team,2,
Outlets Rush_2nd_AI_Iteration,"June 26, 2026 1:22 PM",90003 ~ 90004,Thiago,,Outlets Rush,,July W1 (06/29~),Done,AI Ads Team,2,
Super Big Slime_5th_AI_Iteration,"June 26, 2026 1:22 PM",90027~90028,Pax,,Super Big Slime,,July W1 (06/29~),Done,AI Ads Team,2,
Mosquito_4th_AI_Iteration,"June 26, 2026 1:35 PM",90024 ~ 90025,Yuna,,Mosquito,,July W1 (06/29~),Done,AI Ads Team,2,
Suzy’s Restaurant_1st_UA_Iteration,"June 26, 2026 2:18 PM",90001~90006,Miko,,Suzy's Restaurant,,July W1 (06/29~),Done,Video Ads Team,6,
Pizza Ready_12th_UA_Iteration,"June 26, 2026 2:18 PM",90135 ~ 90140,Zaid,,Pizza Ready,,July W1 (06/29~),Done,Video Ads Team,6,
Bulldozer_1st_UA_Iteration,"June 26, 2026 2:18 PM",90011~90017,Tilda,,Bulldozer Master,,July W1 (06/29~),Done,Video Ads Team,7,
Bulldozer_1st_UA_iteration,"June 26, 2026 2:18 PM",90001~90006,Aaron,,Bulldozer Master,,July W1 (06/29~),Done,Video Ads Team,6,
XP Hero_18th_UA_Iteration,"June 26, 2026 2:18 PM",90180~90186,Max,,XP Hero,,July W1 (06/29~),Done,Video Ads Team,7,
Snake Clash_24th_UA_Iteration,"June 26, 2026 2:19 PM",90312~90317,Quinne,,Snake Clash,,July W1 (06/29~),Done,Video Ads Team,6,
Arrow Fever_12th_UA_Iteration,"June 26, 2026 2:19 PM",90173-90183,Falcon,,Arrow Fever,,July W1 (06/29~),Done,Video Ads Team,11,
Super Big Slime_5th_UA_Iteration,"June 26, 2026 2:21 PM",90030,Aaron,,Super Big Slime,,July W1 (06/29~),Done,Video Ads Team,1,
Crab Life_2nd_UA_Iteration,"June 26, 2026 2:21 PM",90005,Quinne,,CrabLife,,July W1 (06/29~),Done,Video Ads Team,1,
Outlet Rush_2nd_UA_Iteration,"June 26, 2026 2:21 PM",90005,Miko,,Outlets Rush,,July W1 (06/29~),Done,Video Ads Team,1,
Paper Delivery Boy_2nd_UA_Iteration,"June 26, 2026 2:21 PM",90003,Ruelle,,Paper Delivery Boy,,July W1 (06/29~),Done,Video Ads Team,1,
Super Big Slime_5th_UA_Iteration,"June 26, 2026 2:21 PM",90029,Tilda,,Super Big Slime,,July W1 (06/29~),Done,Video Ads Team,1,
Burger Please!_6th_UA_Iteration,"June 26, 2026 2:22 PM",90031,Zaid,,Burger Please!,,July W1 (06/29~),Done,Video Ads Team,1,
Mosquito.io_4th_UA_Iteration,"June 26, 2026 2:22 PM",90026,Falcon,,Mosquito,,July W1 (06/29~),Done,Video Ads Team,1,
Downhill Racer_4th_UA_Iteration,"June 26, 2026 2:22 PM",90024,Max,,Downhill,,July W1 (06/29~),Done,Video Ads Team,1,
Dino Universe_13th_Iteration,"July 3, 2026 8:29 AM",90116~90124,Aaron,,Dino Universe,,July W2 (07/06~),Done,Video Ads Team,9,
XP Hero_19th_UA_Iteration,"July 3, 2026 8:30 AM",90197~90207,Ruelle,,XP Hero,,July W2 (07/06~),Done,Video Ads Team,11,
Bulldozer_2nd_UA_Iteration,"July 3, 2026 8:30 AM",90023~90031,Tilda,,Bulldozer Master,,July W2 (07/06~),Done,Video Ads Team,9,
Suzy’s Restaurant_2nd_UA_Iteration,"July 3, 2026 8:30 AM",90013~90023,Miko,,Suzy's Restaurant,,July W2 (07/06~),Done,Video Ads Team,11,
Snake Clash_25th_UA_Iteration,"July 3, 2026 8:31 AM",90353~90361,Zaid,,Snake Clash,,July W2 (07/06~),Done,Video Ads Team,9,
Snake Clash_25th_UA_Iteration,"July 3, 2026 8:31 AM",90324~90332,Max,,Snake Clash,,July W2 (07/06~),Done,Video Ads Team,9,
Snake Clash_25th_UA_Iteration,"July 3, 2026 8:32 AM",90333~90341,Falcon,,Snake Clash,,July W2 (07/06~),Done,Video Ads Team,9,
,"July 3, 2026 9:01 AM",,,,,,,To do,,,
,"July 3, 2026 9:01 AM",,,,,,,To do,,,
Outlet Rush_3rd_UA_Iteration,"July 3, 2026 9:16 AM",90006,Aaron,,Outlets Rush,,July W2 (07/06~),Done,Video Ads Team,1,
Paper Delivery Boy_3rd_UA_Iteration,"July 3, 2026 9:16 AM",90006,Quinne,,Paper Delivery Boy,,July W2 (07/06~),Done,Video Ads Team,1,
Burger Please!_6th_UA_Iteration,"July 3, 2026 9:16 AM",90033,Ruelle,,Burger Please!,,July W2 (07/06~),Done,Video Ads Team,1,
Mosquito.io_5th_UA_Iteration,"July 3, 2026 9:16 AM",90027,Tilda,,Mosquito,,July W2 (07/06~),Done,Video Ads Team,1,
,"July 3, 2026 9:16 AM",,,,,,,To do,,,
Downhill Racer_5th_UA_Iteration,"July 3, 2026 9:18 AM",90025,Zaid,,Downhill,,July W2 (07/06~),Done,Video Ads Team,1,
Crab Life_3rd_UA_Iteration,"July 3, 2026 9:18 AM",90008,Falcon,,CrabLife,,July W2 (07/06~),Done,Video Ads Team,1,
Burger Please!_6th_UA_Iteration,"July 3, 2026 9:18 AM",90032,Max,,Burger Please!,,July W2 (07/06~),Done,Video Ads Team,1,
Snake Clash_25th_AI_Iteration,"July 3, 2026 9:24 AM",90342 ~ 90347,Thiago,,Snake Clash,,July W2 (07/06~),Done,AI Ads Team,6,
Downhill Racer_5th_AI_Iteration,"July 3, 2026 9:28 AM",90026 ~ 90027,Thiago,,Downhill,,July W2 (07/06~),Done,AI Ads Team,2,
PDB_3rd_AI_Iteration,"July 3, 2026 9:50 AM",90004~90005,Ellie,,Paper Delivery Boy,,July W2 (07/06~),Done,AI Ads Team,2,
Bulldozer Master_2nd_AI_Iteration,"July 3, 2026 9:50 AM",90018~90022,Pax,,Bulldozer Master,,July W2 (07/06~),Done,AI Ads Team,5,
Outlet Rush_3rd_AI_Iteraton,"July 3, 2026 9:50 AM",90007~90008,Pax,,Outlets Rush,,July W2 (07/06~),Done,AI Ads Team,2,
Pizza Ready_13th_AI_Iteration,"July 3, 2026 9:51 AM",90141 ~ 90145,Kurly,,Pizza Ready,,July W2 (07/06~),Done,AI Ads Team,5,
Super Big Slime_6th_AI_Iteration,"July 3, 2026 9:51 AM",90031 ~ 90032,Kurly,,Super Big Slime,,July W2 (07/06~),Done,AI Ads Team,2,
XP Hero_19th_AI_Iteration_1,"July 3, 2026 9:51 AM",90187 ~ 90191,Elliot,,XP Hero,,July W2 (07/06~),Done,AI Ads Team,5,
Mosquito_5th_AI_Iteration,"July 3, 2026 9:51 AM",90028 ~ 90029,Elliot,,Mosquito,,July W2 (07/06~),Done,AI Ads Team,2,
Pizza Ready_13th_AI_Iteration,"July 3, 2026 9:51 AM",90155 ~ 90160,Hozler,,Pizza Ready,,July W2 (07/06~),Done,AI Ads Team,6,
Crab Life_3rd_AI_Iteration,"July 3, 2026 9:52 AM",90006 ~ 90007,Hozler,,CrabLife,,July W2 (07/06~),Done,AI Ads Team,2,
Snake Clash_25th_AI_Iteration,"July 3, 2026 9:52 AM",90348 ~ 90352,Yuna,,Snake Clash,,July W2 (07/06~),Done,AI Ads Team,5,
Burger Please_7th_AI_Iteration,"July 3, 2026 9:52 AM",90034 ~ 90035,Yuna,,Burger Please!,,July W2 (07/06~),Done,AI Ads Team,2,
,"July 3, 2026 10:22 AM",,Quinne,,,,,To do,,,
Super Big Slime_6th_UA_Iteration,"July 3, 2026 11:04 AM",90033,Miko,,Super Big Slime,,July W2 (07/06~),Done,Video Ads Team,1,
Snake Clash_25th_UA_Iteration,"July 8, 2026 8:49 AM",90362~90363,Elvis,,Snake Clash,,July W2 (07/06~),Done,Video Ads Team,2,
Lumber Chopper_6th_AI_Iteration,"July 9, 2026 1:07 PM",90051 ~ 90058,Thiago,,Lumber Chopper,,July W3 (07/13~),Done,AI Ads Team,8,
Arrow Fever_13th_UA_Iteration,"July 10, 2026 8:39 AM",90184-90201,Falcon,,Arrow Fever,,July W3 (07/13~),Done,Video Ads Team,18,
,"July 10, 2026 8:39 AM",,,,,,,To do,,,
Pizza Ready_14th_UA_Iteration,"July 10, 2026 8:46 AM",90161~90173,Ruelle,,Pizza Ready,,July W3 (07/13~),Done,Video Ads Team,13,
XP Hero_20th_UA_Iteration,"July 10, 2026 8:46 AM",90208~90216,Quinne,,XP Hero,,July W3 (07/13~),Done,Video Ads Team,9,
Snake Clash_26th_UA_Iteration,"July 10, 2026 8:46 AM",90364~90377,Miko,,Snake Clash,Zoe,July W3 (07/13~),Done,Video Ads Team,14,
Snake Clash_26th_UA_Iteration,"July 10, 2026 8:46 AM",90378~90387,Tilda,,Snake Clash,,July W3 (07/13~),Done,Video Ads Team,10,
Bulldozer_3rd_UA_Iteration,"July 10, 2026 8:46 AM",90037~90045,Aaron,,Bulldozer Master,,July W3 (07/13~),Done,Video Ads Team,9,
XP Hero_20th_UA_Iteration,"July 10, 2026 8:46 AM",90217~90225,Max,,XP Hero,,July W3 (07/13~),Done,Video Ads Team,9,
Bulldozer Master_3rd_AI_Iteration,"July 10, 2026 8:51 AM",90032 ~ 90036,Kurly,,Bulldozer Master,,July W3 (07/13~),Done,AI Ads Team,5,
Snake Clash_26th_AI_Iteration,"July 10, 2026 8:52 AM",90388 ~ 90392,Elliot,,Snake Clash,,July W3 (07/13~),Done,AI Ads Team,5,
XP Hero_20th_AI_Iteration 1,"July 10, 2026 8:52 AM",90232 ~ 90240,Hozler,,XP Hero,,July W3 (07/13~),Done,AI Ads Team,9,
Xp hero_20th_AI_Iteration 2,"July 10, 2026 8:52 AM",90241~90251,Pax,,XP Hero,,July W3 (07/13~),Done,AI Ads Team,11,
Dino Universe_14th_AI_Iteration,"July 10, 2026 8:52 AM",90125~90129,Ellie,,Dino Universe,,July W3 (07/13~),Done,AI Ads Team,5,
Downhill Racer_6th_AI_Iteration,"July 10, 2026 8:52 AM",90029 _ 90030,Kurly,,Downhill,,July W3 (07/13~),Done,AI Ads Team,2,
Outlets Rush_4th_AI_Iteraton,"July 10, 2026 8:54 AM",90010 ~ 90011,Elliot,,Outlets Rush,,July W3 (07/13~),Done,AI Ads Team,2,
Super Big Slime_7th_AI_Iteration,"July 10, 2026 8:55 AM",90035 ~ 90036,Hozler,,Super Big Slime,,July W3 (07/13~),Done,AI Ads Team,2,
Mosquito_6th_AI_Iteration,"July 10, 2026 8:55 AM",90032~90033,Ellie,,Mosquito,,July W3 (07/13~),Done,AI Ads Team,2,
PDB_4th_AI_Iteration,"July 10, 2026 8:55 AM",90008~90009,Pax,,Paper Delivery Boy,,July W3 (07/13~),Done,AI Ads Team,2,
CrabLife_4th_AI_Iteration,"July 10, 2026 8:55 AM",90009 ~ 90010,Yuna,,CrabLife,,July W3 (07/13~),Done,AI Ads Team,2,
Pizza Ready_14th_AI_Iteration,"July 10, 2026 9:08 AM",90174 ~ 90178,Yuna,,Pizza Ready,,July W3 (07/13~),Done,AI Ads Team,5,
Mosquito.io_6th_UA_Iteration,"July 10, 2026 9:10 AM",90030,Ruelle,,Mosquito,,July W3 (07/13~),Done,Video Ads Team,1,
Lumber Chopper_6th_UA_Iteration,"July 10, 2026 9:11 AM",90037~90050,Zaid,,Lumber Chopper,,July W3 (07/13~),Done,Video Ads Team,14,
Burger Please!_7th_UA_Iteration,"July 10, 2026 9:11 AM",90036,Miko,,Burger Please!,,July W3 (07/13~),Done,Video Ads Team,1,
Paper Delivery Boy_4th_UA_Iteration,"July 10, 2026 9:11 AM",90007,Aaron,,Paper Delivery Boy,,July W3 (07/13~),Done,Video Ads Team,1,
Outlet Rush_4th_UA_Iteration,"July 10, 2026 9:11 AM",90009,Falcon,,Outlets Rush,,July W3 (07/13~),Done,Video Ads Team,1,
Downhill Racer_4th_UA_Iteration,"July 10, 2026 9:11 AM",90028,Tilda,,Downhill,,July W3 (07/13~),Done,Video Ads Team,1,
Crab Life_4th_UA_Iteration,"July 10, 2026 9:11 AM",90011,Zaid,,CrabLife,,July W3 (07/13~),Done,Video Ads Team,1,
Super Big Slime_7th_UA_Iteration,"July 10, 2026 9:12 AM",90034,Quinne,,Super Big Slime,,July W3 (07/13~),Done,Video Ads Team,1,
XP Hero_20th_UA_Iteration,"July 10, 2026 9:15 AM",90226~90231,Elvis,,XP Hero,,July W3 (07/13~),Done,Video Ads Team,6,
Mosquito.io_6th_UA_Iteration,"July 13, 2026 8:47 AM",90031,Max,,Mosquito,,July W3 (07/13~),Done,Video Ads Team,1,
PDB_5th_AI_Iteration,"July 16, 2026 2:38 PM",90010 ~ 90011,Kurly,,Paper Delivery Boy,,July W4 (07/20~),Done,AI Ads Team,2,
,"July 16, 2026 2:59 PM",,,,,,,To do,,,
,"July 16, 2026 2:59 PM",,,,,,,To do,,,
Outlets Rush_5th_AI_Iteration,"July 16, 2026 3:00 PM",90013 ~ 90014,Thiago,,Outlets Rush,,July W4 (07/20~),Done,AI Ads Team,2,
XP Hero_21st_AI_Iteration 1,"July 16, 2026 3:00 PM",90252 ~ 90259,Thiago,,XP Hero,,July W4 (07/20~),Done,AI Ads Team,8,
Lumber Chopper_7th_AI_Iteration 1,"July 17, 2026 8:49 AM",90059 ~ 90063,Yuna,,Lumber Chopper,,July W4 (07/20~),Done,AI Ads Team,5,
Mosquito_7th_AI_Iteration,"July 17, 2026 8:49 AM",90035 ~ 90036,Yuna,,Mosquito,,July W4 (07/20~),Done,AI Ads Team,2,
Arrow Fever_14th_UA_Iteration,"July 17, 2026 9:18 AM",90202~90215,Ruelle,,Arrow Fever,Zoe,July W4 (07/20~),Done,Video Ads Team,14,
Super Big Slime_8th_UA_Iteration,"July 17, 2026 9:18 AM",90037,Ruelle,,Super Big Slime,,July W4 (07/20~),Done,Video Ads Team,1,
Suzy’s Restaurant_3rd_UA_Iteration,"July 17, 2026 9:18 AM",90024~90034,Miko,,Suzy's Restaurant,,July W4 (07/20~),Done,Video Ads Team,11,
Mosquito.io_7th_UA_Iteration,"July 17, 2026 9:18 AM",90034,Miko,,Mosquito,,July W4 (07/20~),Done,Video Ads Team,1,
Bulldozer_4th_UA_Iteration,"July 17, 2026 9:18 AM",90046~90056,Tilda,,Bulldozer Master,,July W4 (07/20~),Done,Video Ads Team,11,
Burger Please!_8th_UA_Iteration,"July 17, 2026 9:18 AM",90039,Tilda,,Burger Please!,,July W4 (07/20~),Done,Video Ads Team,1,
Pizza Ready_15th_UA_Iteration,"July 17, 2026 9:18 AM",90188~90197,Falcon,,Pizza Ready,,July W4 (07/20~),Done,Video Ads Team,10,
XP Hero_21st_AI_Iteration 2,"July 17, 2026 9:47 AM",90260 ~ 90264,Elliot,,XP Hero,,July W4 (07/20~),Done,AI Ads Team,5,
CrabLife_5th_AI_Iteration,"July 17, 2026 9:57 AM",90013 ~ 90014,Elliot,,CrabLife,,July W4 (07/20~),Done,AI Ads Team,2,
Lumber Chopper_7th_AI_Iteration 2,"July 17, 2026 10:00 AM",90064~90068,Pax,,Lumber Chopper,,July W4 (07/20~),Done,AI Ads Team,5,
Burger Please!_8th_AI_Iteration,"July 17, 2026 10:01 AM",90040~90041,Pax,,Burger Please!,,July W4 (07/20~),Done,AI Ads Team,2,
Downhill Racer_7th_UA_Iteration,"July 17, 2026 11:22 AM",90032,Falcon,,Downhill,,July W4 (07/20~),Done,Video Ads Team,1,
Snake Clash_27th_UA_Iteration,"July 17, 2026 1:16 PM",90393~90402,Max,,Snake Clash,,July W4 (07/20~),Done,Video Ads Team,10,
Downhill Racer_7th_UA_Iteration,"July 17, 2026 1:17 PM",90031,Max,,Downhill,,July W4 (07/20~),Done,Video Ads Team,1,
Pizza Ready_15th_AI_Iteration,"July 17, 2026 1:29 PM",90198 ~ 90202,Ellie,,Pizza Ready,,July W4 (07/20~),Done,AI Ads Team,5,
Super Big Slime_8th_AI_Iteration,"July 17, 2026 1:29 PM",90038 ~ 90039,Ellie,,Super Big Slime,,July W4 (07/20~),Done,AI Ads Team,2,
Snake Clash_27th_UA_Iteration,"July 17, 2026 1:29 PM",90403~90411,Zaid,,Snake Clash,,July W4 (07/20~),Done,Video Ads Team,9,
Paper Delivery Boy_5th_UA_Iteration,"July 17, 2026 1:30 PM",90012,Zaid,,Paper Delivery Boy,,July W4 (07/20~),Done,Video Ads Team,1,
Snake Clash_27th_AI_Iteration 2,"July 17, 2026 1:38 PM",90417 ~ 90422,Hozler,,Snake Clash,,July W4 (07/20~),Done,AI Ads Team,6,
Downhill Racer_7th_AI_Iteration,"July 17, 2026 1:38 PM",90033 ~ 90034,Hozler,,Downhill,,July W4 (07/20~),Done,AI Ads Team,2,
Pizza Ready_15th_UA_Iteration,"July 17, 2026 2:59 PM",90179~90187,Quinne,,Pizza Ready,,July W4 (07/20~),Done,Video Ads Team,9,
Outlet Rush_5th_UA_Iteration,"July 17, 2026 3:01 PM",90012,Quinne,,Outlets Rush,,July W4 (07/20~),Done,Video Ads Team,1,
Bulldozer_4th_UA_Iteration,"July 19, 2026 11:34 PM",90057~90065,Elvis,,Bulldozer Master,,July W4 (07/20~),Done,Video Ads Team,9,
Paper Delivery Boy_5th_UA_Iteration,"July 19, 2026 11:36 PM",90013,Elvis,,Paper Delivery Boy,,July W4 (07/20~),Done,Video Ads Team,1,
Dino Universe_15th_UA_Iteration,"July 20, 2026 8:17 AM",90130~90138,Aaron,,Dino Universe,,July W4 (07/20~),Done,Video Ads Team,9,
CrabLife_5th_UA_iteration,"July 20, 2026 8:17 AM",90012,Aaron,,CrabLife,,July W4 (07/20~),Done,Video Ads Team,1,
,"July 23, 2026 10:11 AM",,,,,,,To do,,,
,"July 23, 2026 10:11 AM",,,,,,,To do,,,
,"July 23, 2026 2:15 PM",,,,,,,To do,AI Ads Team,,
,"July 23, 2026 2:33 PM",,,,,,,To do,,,
,"July 23, 2026 2:36 PM",,,,,,,To do,,,
,"July 23, 2026 2:37 PM",,,,,,[W2] August W2 (08/10~),To do,,,
Outlets Rush_6th_AI_Iteration,"July 23, 2026 2:43 PM",90015 ~ 90016,Thiago,,Outlets Rush,,July W5 (07/27~),Done,AI Ads Team,2,
Dino Universe_16th_AI_Iteration,"July 23, 2026 2:44 PM",90139~90144,Thiago,,Dino Universe,,July W5 (07/27~),Done,AI Ads Team,6,
XP Hero_22nd_AI_Iteration 2,"July 24, 2026 8:36 AM",90276 ~ 90280,Yuna,,XP Hero,,July W5 (07/27~),Done,AI Ads Team,5,
Downhill Racer_8th_AI_Iteration,"July 24, 2026 8:36 AM",90036~90037,Yuna,,Downhill,,July W5 (07/27~),Done,AI Ads Team,2,
Suzy’s Restaurant_4th_UA_Iteration,"July 24, 2026 8:38 AM",90035~90044,Miko,,Suzy's Restaurant,,July W5 (07/27~),Done,Video Ads Team,10,
Outlet Rush_6th_UA_Iteration,"July 24, 2026 8:38 AM",90017,Miko,,Outlets Rush,,July W5 (07/27~),Done,Video Ads Team,1,
Theme park manager_1st_AI_Iteration,"July 24, 2026 8:43 AM",90001~90005,Pax,,Theme park manager,,July W5 (07/27~),Done,AI Ads Team,5,
Super Big Slime_9th_AI_Iteration,"July 24, 2026 8:43 AM",90041~90042,Pax,,Super Big Slime,,July W5 (07/27~),Done,AI Ads Team,2,
Bulldozer Master_5th_AI_Iteration,"July 24, 2026 10:00 AM",90073~90076,Ellie,,Bulldozer Master,,July W5 (07/27~),Done,AI Ads Team,4,
XP Hero_22nd_UA_Iteration,"July 24, 2026 1:35 PM",90265~90275,Ruelle,,XP Hero,,July W5 (07/27~),Done,Video Ads Team,11,
Paper Delivery Boy_6th_UA_Iteration,"July 24, 2026 1:40 PM",90014,Ruelle,,Paper Delivery Boy,,July W5 (07/27~),Done,Video Ads Team,1,
Snake Clash_28th_UA_Iteration,"July 24, 2026 1:47 PM",90423~90429,Max,,Snake Clash,,July W5 (07/27~),Done,Video Ads Team,7,
Downhill Racer_8th_UA_Iteration,"July 24, 2026 1:47 PM",90035,Max,,Downhill,,July W5 (07/27~),Done,Video Ads Team,1,
Mosquito.io_8th_UA_Iteration,"July 24, 2026 2:09 PM",90037,Falcon,,Mosquito,,July W5 (07/27~),Done,Video Ads Team,1,
Arrow Fever_15th_UA_Iteration,"July 24, 2026 2:09 PM",90216~90225,Falcon,,Arrow Fever,,July W5 (07/27~),Done,Video Ads Team,10,
Pizza Ready_16th_UA_Iteration,"July 24, 2026 2:14 PM",90203 ~ 90210,Tilda,,Pizza Ready,,July W5 (07/27~),Done,Video Ads Team,8,
Super Big Slime_9th_UA_Iteration,"July 24, 2026 2:15 PM",90040,Tilda,,Super Big Slime,,July W5 (07/27~),Done,Video Ads Team,1,
Captain of Space_1st_AI_Iteration,"July 24, 2026 2:39 PM",90001 ~ 90005,Hozler,,Captain of Space,,July W5 (07/27~),Done,AI Ads Team,5,
Burger Please_9th_AI_Iteration,"July 24, 2026 2:39 PM",90042 ~ 90043,Hozler,,Burger Please!,,July W5 (07/27~),Done,AI Ads Team,2,
Bulldozer_5th_UA_Iteration,"July 24, 2026 2:46 PM",90066~90072,Quinne,,Bulldozer Master,,July W5 (07/27~),Done,Video Ads Team,7,
CrabLife_6th_UA_iteration,"July 24, 2026 2:46 PM",90016,Quinne,,CrabLife,,July W5 (07/27~),Done,Video Ads Team,1,
"Bulldozer_5th_UA_Iteration ","July 24, 2026 3:11 PM",90077~90083,Zaid,,Bulldozer Master,,July W5 (07/27~),Done,Video Ads Team,7,
Burger Please!_9th_UA_Iteration,"July 24, 2026 3:11 PM",90044,Zaid,,Burger Please!,,July W5 (07/27~),Done,Video Ads Team,1,
Mosquito_8th_AI_Iteration,"July 24, 2026 5:52 PM",90038~90039,Ellie,,Mosquito,,July W5 (07/27~),Done,AI Ads Team,2,
Rush Attack_1st_AI_Iteration,"July 27, 2026 8:59 AM",90001~90006,Elliot,,Rush Attack,,July W5 (07/27~),Done,AI Ads Team,6,
Theme Park Manager_1st_UA_Iteration,"July 27, 2026 1:39 PM",90006~90012,Elvis,,Theme park manager,,July W5 (07/27~),Done,Video Ads Team,7,
CrabLife_6th_UA_Iteration,"July 27, 2026 1:40 PM",90015,Elvis,,CrabLife,,July W5 (07/27~),Done,Video Ads Team,1,
Dino Universe_17th_AI_Iteration 2,"July 30, 2026 1:16 PM",90157 ~ 90164,Thiago,,Dino Universe,,[W1] August W1 (08/3~),Done,AI Ads Team,8,
Burger Please!_10th_AI_Iteration,"July 30, 2026 1:16 PM",90046,Thiago,,Burger Please!,,[W1] August W1 (08/3~),Done,AI Ads Team,1,
Paper Delivery Boy_7th_AI_Iteration,"July 30, 2026 1:17 PM",90016,Thiago,,Paper Delivery Boy,,[W1] August W1 (08/3~),Done,AI Ads Team,1,
"XP Hero_23rd_AI_Iteration ","July 31, 2026 8:51 AM",90281 ~ 90286,Yuna,,XP Hero,,[W1] August W1 (08/3~),Done,AI Ads Team,6,
Downhill Racer_9th_AI_Iteration,"July 31, 2026 8:54 AM",90039 ~ 90040,Yuna,,Downhill,,[W1] August W1 (08/3~),Done,AI Ads Team,2,
Lumber Chopper_8th_AI_Iteration,"July 31, 2026 9:28 AM",90078~90081,Ellie,,Lumber Chopper,,[W1] August W1 (08/3~),Done,AI Ads Team,4,
Outlets Rush_7th_AI_Iteration,"July 31, 2026 9:28 AM",90018~90019,Ellie,,Outlets Rush,,[W1] August W1 (08/3~),Done,AI Ads Team,2,
Theme Park Manager_2nd_AI_Iteration,"July 31, 2026 9:28 AM",90013~90018,Pax,,Theme park manager,,[W1] August W1 (08/3~),Done,AI Ads Team,6,
Super Big Slime_10th_AI_Iteration,"July 31, 2026 9:28 AM",90044~90045,Pax,,Super Big Slime,,[W1] August W1 (08/3~),Done,AI Ads Team,2,
Bulldozer Master_6th_AI_Iteration,"July 31, 2026 9:32 AM",90084~90087,Elliot,,Bulldozer Master,,[W1] August W1 (08/3~),Done,AI Ads Team,4,
Mosquito_10th_AI_Iteration,"July 31, 2026 9:32 AM",90041~90042,Elliot,,Mosquito,,[W1] August W1 (08/3~),Done,AI Ads Team,2,
Dino Universe_17th_AI_Iteration 1,"July 31, 2026 10:02 AM",90152~90156,Hozler,,Dino Universe,,[W1] August W1 (08/3~),Done,AI Ads Team,5,
Crab Life_6th_AI_Iteration,"July 31, 2026 10:02 AM",90018~90019,Hozler,,CrabLife,,[W1] August W1 (08/3~),Done,AI Ads Team,2,
Pizza Ready_17th_UA_Iteration,"July 31, 2026 10:42 AM",90211 ~ 90220,Tilda,,Pizza Ready,,[W1] August W1 (08/3~),Done,Video Ads Team,10,
Downhill Racer_9th_UA_Iteration,"July 31, 2026 10:48 AM",90038,Tilda,,Downhill,,[W1] August W1 (08/3~),Done,Video Ads Team,1,
Suzy’s Restaurant_5th_UA_Iteration,"July 31, 2026 10:50 AM",90045~90054,Miko,,Suzy's Restaurant,,[W1] August W1 (08/3~),Done,Video Ads Team,10,
Burger Please!_10th_UA_Iteration,"July 31, 2026 10:50 AM",90045,Miko,,Burger Please!,,[W1] August W1 (08/3~),Done,Video Ads Team,1,
XP Hero_23rd_UA_Iteration,"July 31, 2026 1:02 PM",90287~90296,Ruelle,,XP Hero,,[W1] August W1 (08/3~),Done,Video Ads Team,10,
Mosquito.io_9th_UA_Iteration,"July 31, 2026 1:02 PM",90040,Ruelle,,Mosquito,,[W1] August W1 (08/3~),Done,Video Ads Team,1,
Snake Clash_29th_UA_Iteration,"July 31, 2026 1:03 PM",90430~90438,Zaid,,Snake Clash,,[W1] August W1 (08/3~),Done,Video Ads Team,9,
CrabLife_7th_UA_Iteration,"July 31, 2026 1:03 PM",90017,Zaid,,CrabLife,,[W1] August W1 (08/3~),Done,Video Ads Team,1,
XP Hero_23rd_UA_Iteration,"July 31, 2026 1:24 PM",90297~90305,Quinne,,XP Hero,,[W1] August W1 (08/3~),Done,Video Ads Team,9,
Super Big Slime_10th_UA_Iteration,"July 31, 2026 1:25 PM",90043,Quinne,,Super Big Slime,,[W1] August W1 (08/3~),Done,Video Ads Team,1,
Dino Universe_17th_UA_Iteration,"July 31, 2026 2:09 PM",90145-90151,Falcon,,Dino Universe,,[W1] August W1 (08/3~),Done,Video Ads Team,7,
Outlet Rush_7th_UA_Iteration,"July 31, 2026 2:09 PM",90020,Falcon,,Outlets Rush,,[W1] August W1 (08/3~),Done,Video Ads Team,1,
Lumber Chopper_8th_UA_Iteration,"July 31, 2026 2:17 PM",90069~90077,Max,,Lumber Chopper,,[W1] August W1 (08/3~),Done,Video Ads Team,9,
Mosquito.io_9th_UA_Iteration,"July 31, 2026 2:17 PM",90040,Max,,Mosquito,,[W1] August W1 (08/3~),Done,Video Ads Team,1,
Snake Clash_29th_UA_Iteration,"July 31, 2026 3:01 PM",90439~90446,Elvis,,Snake Clash,,[W1] August W1 (08/3~),Done,Video Ads Team,8,
Paper Delivery Boy_7th_UA_Iteration,"July 31, 2026 3:05 PM",90015,Elvis,,Paper Delivery Boy,,[W1] August W1 (08/3~),Done,Video Ads Team,1,
Pizza Ready_18th_AI_Iteration,"August 6, 2026 9:24 AM",90221~90224,Ellie,,Pizza Ready,,[W2] August W2 (08/10~),Done,AI Ads Team,4,
CrabLife_8th_AI_Iteration,"August 6, 2026 9:24 AM",90020~90021,Ellie,,CrabLife,,[W2] August W2 (08/10~),Done,AI Ads Team,2,
Theme Park Manager_3rd_AI_Iteration,"August 6, 2026 1:04 PM",90019~90025,Pax,,Theme park manager,,[W2] August W2 (08/10~),Done,AI Ads Team,7,
Burger Please!_11th_AI_Iteration,"August 6, 2026 1:04 PM",90047,Pax,,Burger Please!,,[W2] August W2 (08/10~),Done,AI Ads Team,1,
Outlet rush_8th_AI_Iteration,"August 6, 2026 1:08 PM",90021,Pax,,Outlets Rush,,[W2] August W2 (08/10~),Done,AI Ads Team,1,
Pizza Ready_18th_AI_Iteration 2,"August 6, 2026 3:10 PM",90225 ~ 90229,Yuna,,Pizza Ready,,[W2] August W2 (08/10~),Done,AI Ads Team,5,
Super Big Slime_11th_AI_Iteration,"August 6, 2026 3:10 PM",90046 ~ 90047,Yuna,,Super Big Slime,,[W2] August W2 (08/10~),Done,AI Ads Team,2,
Bulldozer Master_7th_UA_Iteration,"August 6, 2026 3:54 PM",90088~90095,Quinne,,Bulldozer Master,Mee,[W2] August W2 (08/10~),Done,Video Ads Team,8,
Suzy’s Restaurant_6th_UA_Iteration,"August 6, 2026 5:02 PM",90055~90062,Elvis,,Suzy's Restaurant,Avril,[W2] August W2 (08/10~),Done,Video Ads Team,8,
Snake Clash_30th_UA_Iteration,"August 6, 2026 5:27 PM",90447~90454,Zaid,,Snake Clash,Cyno,[W2] August W2 (08/10~),Done,Video Ads Team,8,
Arrow Fever_16th_UA_Iteration,"August 6, 2026 5:45 PM",90226~90233,Falcon,,Arrow Fever,Chi,[W2] August W2 (08/10~),Done,Video Ads Team,8,
XP Hero_24th_UA_Iteration,"August 7, 2026 8:40 AM",90306~90315,Ruelle,,XP Hero,Zoe,[W2] August W2 (08/10~),Done,Video Ads Team,10,
Bulldozer Master_7th_AI_Iteration,"August 7, 2026 8:51 AM",90096 ~ 90104,Thiago,,Bulldozer Master,,[W2] August W2 (08/10~),Done,AI Ads Team,9,
Mosquito.io_11th_AI_Iteration,"August 7, 2026 8:52 AM",90043 ~ 90044,Thiago,,Mosquito,,[W2] August W2 (08/10~),Done,AI Ads Team,2,
Pizza Ready_18th_UA_Iteration,"August 7, 2026 8:52 AM",90230~90237,Tilda,,Pizza Ready,Helly,[W2] August W2 (08/10~),Done,Video Ads Team,8,
Rush Attack_2nd_UA_Iteration,"August 7, 2026 8:53 AM",90007~90018,Miko,,Rush Attack,Zoe,[W2] August W2 (08/10~),Done,Video Ads Team,12,
My Fish Shop_1st_iteration,"August 7, 2026 8:56 AM",90001~90012,Max,,My Fish Shop,Chi,[W2] August W2 (08/10~),Done,Video Ads Team,12,
"XP Hero_24th_AI_Iteration ","August 7, 2026 8:58 AM",90316~90319,Elliot,,XP Hero,,[W2] August W2 (08/10~),Done,AI Ads Team,4,
Downhill Racer_10th_AI_Iteration,"August 7, 2026 8:58 AM",90041~90042,Elliot,,Downhill,,[W2] August W2 (08/10~),Done,AI Ads Team,2,
Captain of Space_2nd_AI_Iteration,"August 7, 2026 9:51 AM",90006 ~ 90011,Hozler,,Captain of Space,,[W2] August W2 (08/10~),Done,AI Ads Team,6,
Paper Delivery Boy_8th_AI_Iteration,"August 7, 2026 9:51 AM",90017 ~ 90018,Hozler,,Paper Delivery Boy,,[W2] August W2 (08/10~),Done,AI Ads Team,2,
"Lumber Chopper_9th_UA_Iteration ","August 10, 2026 1:14 PM",,Max,,Lumber Chopper,Mee,,In-progress,Video Ads Team,8,
Theme Park_4th_UA_Iteration,"August 11, 2026 4:59 PM",90026-90033,Elvis,,Theme park manager,Avril,[W3] August W3 (08/17~),Done,Video Ads Team,8,
Snake Clash_31st_UA_Iteration,"August 12, 2026 1:56 PM",90455~90462,Zaid,,Snake Clash,Cyno,[W3] August W3 (08/17~),Done,Video Ads Team,8,
XP Hero_25th_UA_Iteration,"August 12, 2026 1:56 PM",90320~90327,Ruelle,,XP Hero,Zoe,[W3] August W3 (08/17~),Done,Video Ads Team,8,
Smash Down_1st_UA_Iteration,"August 12, 2026 2:00 PM",90001~90010,Falcon,,Smash Down,Chi,[W3] August W3 (08/17~),Done,Video Ads Team,10,
Pizza Ready_19th_UA_Iteration,"August 12, 2026 2:09 PM",90238~90245,Tilda,,Pizza Ready,Helly,[W3] August W3 (08/17~),Done,Video Ads Team,8,
Frozia_1st_UA_Iteration,"August 12, 2026 2:17 PM",90001~90012,Miko,,Frozia,Helly,[W3] August W3 (08/17~),Done,Video Ads Team,12,
My Fish Shop_2nd_Iteration,"August 12, 2026 2:31 PM",90013~90024,Quinne,,My Fish Shop,Chi,[W3] August W3 (08/17~),Done,Video Ads Team,12,
XP Hero_25th_AI_Iteration,"August 13, 2026 3:57 PM",90328 ~ 90335,Ellie,,XP Hero,,[W3] August W3 (08/17~),Done,AI Ads Team,8,
PDB_8th_AI_Iteration,"August 13, 2026 4:03 PM",90019~90020,Ellie,,Paper Delivery Boy,,[W3] August W3 (08/17~),Done,AI Ads Team,2,
XP Hero_25th_AI_Iteration 2,"August 14, 2026 8:40 AM",90336 ~ 90341,Yuna,,XP Hero,,[W3] August W3 (08/17~),Done,AI Ads Team,6,
CrabLife_9th_AI_Iteration,"August 14, 2026 8:40 AM",90022 ~ 90023,Yuna,,CrabLife,,[W3] August W3 (08/17~),Done,AI Ads Team,2,
Lumber Chopper_9th_AI_Iteration,"August 14, 2026 8:40 AM",90082~90089,Pax,,Lumber Chopper,,[W3] August W3 (08/17~),Done,AI Ads Team,8,
Mosquito_12th_AI_Iteration,"August 14, 2026 8:40 AM",90045~90046,Pax,,Mosquito,,[W3] August W3 (08/17~),Done,AI Ads Team,2,
Bulldozer Master_8th_AI_Iteration,"August 14, 2026 9:02 AM",90105 ~ 90109,Elliot,,Bulldozer Master,,[W3] August W3 (08/17~),Done,AI Ads Team,5,
Burger Please!_12th_AI_Iteration,"August 14, 2026 9:02 AM",90048~90049,Elliot,,Burger Please!,,[W3] August W3 (08/17~),Done,AI Ads Team,2,
Downhill Racer_11th_AI_Iteration,"August 14, 2026 9:02 AM",90043 ~ 90044,Thiago,,Downhill,,[W3] August W3 (08/17~),Done,AI Ads Team,2,
Dino Universe_18th_AI_Iteration 1,"August 14, 2026 9:03 AM",90165~90170,Thiago,,Dino Universe,,[W3] August W3 (08/17~),Done,AI Ads Team,6,
Dino Universe_18th_AI_Iteration 2,"August 14, 2026 9:03 AM",90171~90177,Hozler,,Dino Universe,,[W3] August W3 (08/17~),Done,AI Ads Team,7,
Outlet rush_9th_AI_Iteration,"August 14, 2026 9:03 AM",90022,Hozler,,Outlets Rush,,[W3] August W3 (08/17~),Done,AI Ads Team,1,
Super Big Slime_12th_AI_Iteration,"August 14, 2026 9:37 AM",90048,Hozler,,Super Big Slime,,[W3] August W3 (08/17~),Done,AI Ads Team,1,
video90147_ageofdinosaurs_en_44s_1080x1920_falcon_060826,"August 14, 2026 10:27 AM",,,,,,,To do,,,
,"August 17, 2026 11:18 AM",,,,,,,To do,Video Ads Team,,
Target Smash_1st_UA_Iteration,"August 17, 2026 11:19 AM",90001~90008,Max,,Target Smash!,Chi,[W3] August W3 (08/17~),Done,Video Ads Team,8,
,"August 17, 2026 6:51 PM",,,,,,,To do,,,
Pizza Ready_20th_UA_Iteration,"August 18, 2026 9:43 AM",90246~90253,Tilda,,Pizza Ready,Helly,[W4] August W4 (08/24~),Done,Video Ads Team,8,
Suzy’s Restaurant_7th_UA_Iteration,"August 18, 2026 1:17 PM",90063 ~ 90070,Elvis,,Suzy's Restaurant,Avril,[W4] August W4 (08/24~),Done,Video Ads Team,8,
Bulldozer Master_9th_UA_Iteration,"August 19, 2026 10:12 AM",90119~90126,Quinne,,Bulldozer Master,Mee,[W4] August W4 (08/24~),Done,Video Ads Team,8,
Snake Clash_32nd_UA_Iteration,"August 19, 2026 10:34 AM",90463~90470,Zaid,,Snake Clash,Cyno,[W4] August W4 (08/24~),Done,Video Ads Team,8,"August 21, 2026"
Arrow Fever_17th_UA_Iteration,"August 19, 2026 2:12 PM",90234~90245,Falcon,,Arrow Fever,Chi,[W4] August W4 (08/24~),Done,Video Ads Team,12,
XP Hero_26th_UA_Iteration,"August 20, 2026 10:25 AM",90342~90349,Ruelle,,XP Hero,Zoe,[W4] August W4 (08/24~),Done,Video Ads Team,8,
,"August 20, 2026 10:33 AM",,,,,,,To do,Video Ads Team,,
CrabLife_7th_UA_Iteration,"August 20, 2026 10:37 AM",90026~90037,Miko,,CrabLife,Cyno,[W4] August W4 (08/24~),Done,Video Ads Team,12,
Whack Stack_1st_UA_Iteration,"August 20, 2026 10:41 AM",90001~90009,Max,,Whack Stack,Helly,[W4] August W4 (08/24~),Done,Video Ads Team,9,
Dino Universe_19th_AI_Iteration,"August 20, 2026 11:34 PM",90178 ~ 90182,Yuna,,Dino Universe,,[W4] August W4 (08/24~),Done,AI Ads Team,5,
Burger Please!_13th_AI_Iteration,"August 21, 2026 12:15 AM",90050,Thiago,,Burger Please!,,[W4] August W4 (08/24~),Done,AI Ads Team,1,
SharkUniverse_1st_AI_Iteration,"August 21, 2026 8:35 AM",90001~90005,Pax,,Shark Universe,,[W4] August W4 (08/24~),Done,AI Ads Team,5,
SuperBigSlime_13th_AI_Iteration,"August 21, 2026 8:35 AM",90049~90050,Pax,,Super Big Slime,,[W4] August W4 (08/24~),Done,AI Ads Team,2,
Bulldozer Master_9th_AI_Iteration,"August 21, 2026 8:45 AM",90110 ~ 90118,Thiago,,Bulldozer Master,,[W4] August W4 (08/24~),Done,AI Ads Team,9,
Paper Delivery Boy_9th_AI_Iteration,"August 21, 2026 8:45 AM",90021,Thiago,,Paper Delivery Boy,,[W4] August W4 (08/24~),Done,AI Ads Team,1,
Downhill Racer_12th_AI_Iteration,"August 21, 2026 8:55 AM",90045~90046,Yuna,,Downhill,,[W4] August W4 (08/24~),Done,AI Ads Team,2,
Captain of Space_3rd_AI_Iteration,"August 21, 2026 9:10 AM",90012~90017,Hozler,,Captain of Space,,[W4] August W4 (08/24~),Done,AI Ads Team,6,
CrabLife_10th_AI_Iteration,"August 21, 2026 9:10 AM",90024~90025,Hozler,,CrabLife,,[W4] August W4 (08/24~),Done,AI Ads Team,2,
"XP Hero_26th_AI_Iteration ","August 21, 2026 9:22 AM",90350 ~ 90354,Elliot,,XP Hero,,[W4] August W4 (08/24~),Done,AI Ads Team,5,
Mosquito_13th_AI_Iteration,"August 21, 2026 9:22 AM",90047 ~ 90048,Elliot,,Mosquito,,[W4] August W4 (08/24~),Done,AI Ads Team,2,
Theme Park Manager_5th_AI_Iteration,"August 21, 2026 9:51 AM",90034 ~ 90039,Ellie,,Theme park manager,,[W4] August W4 (08/24~),Done,AI Ads Team,6,
Arrow Fever_18th_UA_Iteration,"August 24, 2026 9:44 AM",90246~90256,Falcon,,Arrow Fever,Chi,[W1] Sep W1W2 (08/31~),Done,Video Ads Team,11,
Pizza Ready_21st_UA_Iteration,"August 25, 2026 10:49 AM",90254~90265,Tilda,,Pizza Ready,Helly,[W1] Sep W1W2 (08/31~),Done,Video Ads Team,12,
XP Hero_27th_UA_Iteration,"August 25, 2026 2:41 PM",90355~90369,Ruelle,,XP Hero,Zoe,[W1] Sep W1W2 (08/31~),Done,Video Ads Team,15,
Theme Park Manager_7th_Iteration,"August 25, 2026 3:15 PM",,Elvis,,Theme park manager,Zoe,[W3] Sep W4 (09/21~),In-progress,Video Ads Team,0,
Gangster Universe_1st_UA_Iteration,"August 26, 2026 8:54 AM",90001-90012,Miko,,Gangster Universe,Mee,[W1] Sep W1W2 (08/31~),Done,Video Ads Team,12,
Dragon Burst_1st_UA_Iteration,"August 26, 2026 8:55 AM",90001-90012,Max,,Dragon Burst,Mee,[W1] Sep W1W2 (08/31~),Done,Video Ads Team,12,
Snake Clash_33rd_UA_Iteration,"August 26, 2026 9:52 AM",90471-90482,Zaid,,Snake Clash,Cyno,[W1] Sep W1W2 (08/31~),Done,Video Ads Team,12,
OutletRush_10th_AI_Iteration,"August 26, 2026 2:05 PM",90023~90024,Ellie,,Outlets Rush,,[W4] August W4 (08/24~),Done,AI Ads Team,2,
Bulldozer Master_10th_UA_Iteration,"August 28, 2026 11:28 AM",90127~90138,Quinne,,Bulldozer Master,Mee,[W1] Sep W1W2 (08/31~),Done,Video Ads Team,12,
Suzy’s Restaurant_8th_UA_Iteration,"August 31, 2026 8:47 AM",90071~90085,Elvis,,Suzy's Restaurant,Zoe,[W1] Sep W1W2 (08/31~),Done,Video Ads Team,15,
Snake Clash_34th_UA_Iteration,"September 3, 2026 8:29 AM",90496-90501,Zaid,,Snake Clash,Cyno,[W2] Sep W3 (09/14~),In-progress,Video Ads Team,6,
SharkUniverse_2nd_AI_Iteration,"September 4, 2026 9:17 AM",90006~90007,Yuna,,Shark Universe,,[W1] September W1 (09/7~),Done,AI Ads Team,2,
Theme Park Manager_6th_AI_Iteration,"September 4, 2026 9:25 AM",90040 ~ 90043,Ellie,,Theme park manager,,[W1] September W1 (09/7~),Done,AI Ads Team,4,
XP Hero_27th_AI_Iteration,"September 4, 2026 9:30 AM",90370 ~ 90374,Elliot,,XP Hero,,[W1] September W1 (09/7~),Done,AI Ads Team,5,
DinosaurUniverse_20th_AI_Iteration,"September 4, 2026 9:45 AM",90183 ~ 90185,Hozler,,Dino Universe,,[W1] September W1 (09/7~),Done,AI Ads Team,3,
Outlets Rush_11th_AI_Iteration,"September 4, 2026 9:46 AM",90025~90026,Ellie,,Outlets Rush,,[W1] September W1 (09/7~),Done,AI Ads Team,2,
Downhill Racer_13th_AI_Iteration,"September 4, 2026 10:55 AM",90047 ~ 90048,Elliot,,Downhill,,[W1] September W1 (09/7~),Done,AI Ads Team,2,
My Supermarket_1st_Iteration,"September 4, 2026 1:38 PM",90001~90010,Miko,,My Supermarket,Zoe,[W2] Sep W3 (09/14~),In-progress,Video Ads Team,10,
AIX_1st_AI_Iteration 1,"September 4, 2026 3:26 PM",90001~90008,Pax,,AIX,,[W1] September W1 (09/7~),Done,AI Ads Team,8,
AIX_1st_AI_Iteration 2,"September 4, 2026 3:52 PM",90009~90014,Thiago,,AIX,,[W1] September W1 (09/7~),Done,AI Ads Team,6,
,"September 5, 2026 5:08 PM",,,,,,,To do,,,
Smash Down_2nd_UA_Iteration,"September 8, 2026 9:01 AM",90011~90016,Falcon,,Smash Down,Chi,[W2] Sep W3 (09/14~),In-progress,Video Ads Team,6,
Bulldozer Master_11th_UA_Iteration,"September 8, 2026 9:05 AM",90139~90144,Quinne,,Bulldozer Master,Mee,[W2] Sep W3 (09/14~),In-progress,Video Ads Team,6,
Dino Universe_20th_UA_Iteration,"September 8, 2026 2:29 PM",90186~90195,Max,,Dino Universe,Cyno,[W2] Sep W3 (09/14~),In-progress,Video Ads Team,10,
Pizza Ready_22nd_UA_Iteration,"September 8, 2026 3:26 PM",90266 ~ 90271,Tilda,,Pizza Ready,Helly,[W2] Sep W3 (09/14~),In-progress,Video Ads Team,6,
XP Hero_28th_UA_Iteration,"September 9, 2026 8:47 AM",90375~90382,Ruelle,,XP Hero,Zoe,[W2] Sep W3 (09/14~),In-progress,Video Ads Team,8,
Super Big Slime_14th_AI_Iteration,"September 9, 2026 9:30 AM",90051~90052,Pax,,Super Big Slime,,[W1] September W1 (09/7~),Done,AI Ads Team,2,
Snake Clash_33rd_UA_Iteration,"September 9, 2026 3:57 PM",90483~90489,Anthony,,Snake Clash,,[W2] Sep W3 (09/14~),In-progress,Video Ads Team,6,
Bulldozer Master_11th_AI_Iteration,"September 14, 2026 9:37 AM",90145~90147,Ellie,,Bulldozer Master,,[W2] September W2 (09/14~),In-progress,AI Ads Team,3,
CrabLife_11th_AI_Iteration,"September 14, 2026 9:38 AM",90038~90039,Ellie,,CrabLife,,[W2] September W2 (09/14~),In-progress,AI Ads Team,2,
SharkUniverse_3rd_AI_Iteration,"September 14, 2026 10:05 AM",,Elliot,,Shark Universe,,[W2] September W2 (09/14~),In-progress,AI Ads Team,,
Burger Please!_13th_AI_Iteration,"September 14, 2026 10:06 AM",,Elliot,,Burger Please!,,[W2] September W2 (09/14~),In-progress,AI Ads Team,,
Snake Clash_35th_UA_Iteration,"September 17, 2026 8:55 AM",,Zaid,,Snake Clash,Cyno,[W3] Sep W4 (09/21~),To do,Video Ads Team,6,
Target Smash_3rd_Iteration,"September 17, 2026 9:17 AM",,Max,,Target Smash!,Chi,[W3] Sep W4 (09/21~),To do,Video Ads Team,,
My Fish Shop_3rd_Iteration,"September 17, 2026 9:18 AM",,Quinne,,My Fish Shop,Mee,[W3] Sep W4 (09/21~),To do,Video Ads Team,,
XP Hero_29th_Iteration,"September 17, 2026 9:36 AM",,Ruelle,,XP Hero,Zoe,[W3] Sep W4 (09/21~),To do,Video Ads Team,,
,"September 17, 2026 9:45 AM",,,,,,[W1] Sep W1W2 (08/31~),To do,Video Ads Team,,
AIX_2nd_AI_Iteration,"September 17, 2026 1:55 PM",,Pax,,AIX,,[W2] September W2 (09/14~),In-progress,AI Ads Team,,
,"September 17, 2026 1:55 PM",,Pax,,Outlets Rush,,[W2] September W2 (09/14~),In-progress,AI Ads Team,,
,"September 17, 2026 1:56 PM",,Pax,,Burger Please!,,[W2] September W2 (09/14~),In-progress,AI Ads Team,,
"Snake Clash_34th_UA_Iteration ","September 17, 2026 1:57 PM",90490~90495,Elvis,,Snake Clash,Cyno,[W2] Sep W3 (09/14~),In-progress,Video Ads Team,6,