,,,,,October,,,,November,,,,,December,
Creator,2026/9/7,2026/9/14,2026/9/21,2026/9/28,2026/10/5,2026/10/12,2026/10/19,2026/10/26,2026/11/2,2026/11/9,2026/11/16,2026/11/23,2026/11/30,2026/12/7,2026/12/14
Ruelle,XP Hero,XP Hero,XP Hero,XP Hero,"XP Hero
PM: Zoe","XP Hero
PM: Zoe","Bulldozer Master
PM: Zoe","Bulldozer Master
PM: Zoe","XP Hero
PM: Zoe","XP Hero
PM: Zoe","Bulldozer Master
PM: Zoe","Bulldozer Master
PM: Zoe","XP Hero
PM: Zoe","XP Hero
PM: Zoe","Bulldozer Master
PM: Zoe"
Miko,Gangster Universe,My Supermarket,Burger Please,Idle Oil Empire,"Captain of Space
PM: Cyno","Rush Attack
PM: Zoe","Match Flight
PM: Zoe","Idle Oil Empire
PM: Mee","ETC
PM: TBD","ETC
PM: TBD","ETC
PM: TBD","Idle Oil Empire
PM: Mee","ETC
PM: TBD","My Supermarket
PM: Zoe","Burger Please
PM: Helly"
Quinne,Bulldozer Master,Bulldozer Master,My Fish Shop,Bulldozer Master,"Bulldozer Master
PM: Mee","Bulldozer Master
PM: Mee","XP Hero
PM: Mee","XP Hero
PM: Mee","Bulldozer Master
PM: Mee","Bulldozer Master
PM: Mee","XP Hero
PM: Mee","XP Hero
PM: Mee","Bulldozer Master
PM: Mee","Bulldozer Master
PM: Mee","XP Hero
PM: Mee"
Falcon,Arrow Fever,Target Smash,Smash Down,Arrow Fever,"Arrow Fever
PM: Chi","Target Smash
PM: Chi","Whack Stack
PM: Chi","Rush Attack
PM: Zoe","Arrow Fever
PM: Chi","Target Smash
PM: Chi","Whack Stack
PM: Chi","Rush Attack
PM: Zoe","Arrow Fever
PM: Chi","Target Smash
PM: Chi","Whack Stack
PM: Chi"
Zaid,Snake Clash,Snake Clash,Snake Clash,Snake Clash,"Snake Clash
PM: Cyno","Snake Clash
PM: Cyno","Snake Clash
PM: Cyno","My Fish Shop
PM: Chi","Snake Clash
PM: Cyno","Snake Clash
PM: Cyno","Snake Clash
PM: Cyno","My Fish Shop
PM: Chi","Snake Clash
PM: Cyno","Snake Clash
PM: Cyno","Snake Clash
PM: Cyno"
Tilda,Pizza Ready,Pizza Ready,Pizza Ready,Pizza Ready,"Pizza Ready
PM: Helly","Pizza Ready
PM: Helly","Pizza Ready
PM: Helly","Pizza Ready
PM: Helly","Pizza Ready
PM: Helly","Pizza Ready
PM: Helly","Pizza Ready
PM: Helly","Pizza Ready
PM: Helly","Pizza Ready
PM: Helly","Pizza Ready
PM: Helly","Pizza Ready
PM: Helly"
Max,Dragon Burst,Dino Universe,Target Smash,Whack Stack,"Dragon Burst
PM: Mee","Bulldozer Master
PM: Cyno","Hypereels
PM: No PM","Hypereels
PM: No PM","Dragon Burst
PM: Mee","Bulldozer Master
PM: Cyno","Hypereels
PM: No PM","Hypereels
PM: No PM","Dragon Burst
PM: Mee","Bulldozer Master
PM: Cyno","Hypereels
PM: No PM"
Elvis,Suzy's Restaurant,Snake Clash,Themepark Manager,Bulldozer Master ,"Bulldozer Master 
PM: Helly","Snake Clash
PM: Cyno","Themepark Manager
PM: Zoe","Snake Clash
PM: Cyno","Bulldozer Master
PM: Chi","Snake Clash
PM: Cyno","Themepark Manager
PM: Zoe","Snake Clash
PM: Cyno","Bulldozer Master
PM: Chi","Snake Clash
PM: Cyno","Themepark Manager
PM: Zoe"
Anthony,-,-,Bulldozer Master,Spin Miner,"Shark Universe
PM: Cyno","Bulldozer Master
PM: Helly","Bulldozer Master
PM: Helly","Captain of Space
PM: Cyno","Shark Universe
PM: Cyno","Bulldozer Master
PM: Helly","Bulldozer Master
PM: Helly","Captain of Space
PM: Cyno","Shark Universe
PM: Cyno","Bulldozer Master
PM: Helly","Bulldozer Master
PM: Helly"
Jay,-,-,-,-,"Snake Clash
PM: No PM","Snake Clash
PM: No PM",-,-,-,-,-,-,-,-,-