한국 기준 week,,,,W2,W3,W4,W1,W2,W3,W4,W1,W2,W3,W4,W1,W2,W3,W4,W1,W2
0,담당자,8/10,8/17,8/24,8/31,9/7,9/14,9/21,9/28,10/5,10/12,10/19,10/26,11/2,11/9,11/16,11/23,11/30,12/7,2026.12.14
🇰🇷 한국 — UA,그루트,Arrow Fever,Arrow Fever,Arrow Fever,Arrow Fever,Arrow Fever,Arrow Fever,Arrow Fever,Arrow Fever,Arrow Fever,Arrow Fever,Arrow Fever,Arrow Fever,Arrow Fever,Arrow Fever,Arrow Fever,Arrow Fever,Arrow Fever,Arrow Fever,Arrow Fever
🇰🇷 한국 — UA,러미,Suzy's Restaurant,Snake Clash,Suzy's Restaurant,Snake Clash,Suzy's Restaurant,Snake Clash,Suzy's Restaurant,Snake Clash,Suzy's Restaurant,Snake Clash,Suzy's Restaurant,Snake Clash,Suzy's Restaurant,Snake Clash,Suzy's Restaurant,Snake Clash,Suzy's Restaurant,Snake Clash,Suzy's Restaurant
🇰🇷 한국 — UA,브라운,XP Hero,XP Hero,XP Hero,XP Hero,XP Hero,XP Hero,XP Hero,XP Hero,XP Hero,XP Hero,XP Hero,XP Hero,XP Hero,XP Hero,XP Hero,XP Hero,XP Hero,XP Hero,XP Hero
🇰🇷 한국 — UA,비비,Hypereels,XP Hero,XP Hero,Hypereels,XP Hero,Hypereels,XP Hero,Hypereels,XP Hero,Hypereels,XP Hero,Hypereels,Hypereels,XP Hero,XP Hero,Hypereels,XP Hero,Hypereels,XP Hero
🇰🇷 한국 — UA,비히,Smash Down,Smash Down,Smash Down,Target Smash,Target Smash,Smash Down,Smash Down,Target Smash,Target Smash,Smash Down,Smash Down,Target Smash,Target Smash,Smash Down,Smash Down,Target Smash,Target Smash,Smash Down,Smash Down
🇰🇷 한국 — UA,쉐이,Pizza Ready,Themepark Manager,Spinminer,Target Smash,Whack Stack,Themepark Manager,Spinminer,Target Smash,Whack Stack,Themepark Manager,Spinminer,Idle Oil Empire,Fantasy X Hunter,Themepark Manager,Spinminer,Idle Oil Empire,Fantasy X Hunter,Themepark Manager,Spinminer
🇰🇷 한국 — UA,에제,Dinosaur Universe,Lumber Chopper,Lumber Chopper,Pizza Ready,Pizza Ready,Dinosaur Universe,Lumber Chopper,Pizza Ready,Pizza Ready,Dinosaur Universe,Lumber Chopper,Pizza Ready,Dinosaur Universe,Lumber Chopper,Lumber Chopper,Pizza Ready,Pizza Ready,Dinosaur Universe,Lumber Chopper
🇰🇷 한국 — UA,엠마,Spinminer,Pizza Ready,Pizza Ready,Spinminer,Spinminer,Pizza Ready,Pizza Ready,Spinminer,Spinminer,Pizza Ready,Pizza Ready,Spinminer,Spinminer,Pizza Ready,Pizza Ready,Spinminer,Spinminer,Pizza Ready,Pizza Ready
🇰🇷 한국 — UA,재니,Bulldozer Master,Bulldozer Master,Bulldozer Master,Bulldozer Master,Bulldozer Master,Bulldozer Master,Bulldozer Master,Bulldozer Master,Bulldozer Master,Bulldozer Master,Bulldozer Master,Bulldozer Master,Bulldozer Master,Bulldozer Master,Bulldozer Master,Bulldozer Master,Bulldozer Master,Bulldozer Master,Bulldozer Master
🇰🇷 한국 — UA,프레소,—,Snake Clash,Hypereels,Snake Clash,—,Snake Clash,H2,Snake Clash,—,Snake Clash,—,Snake Clash,—,Snake Clash,—,Snake Clash,—,Snake Clash,—
🇰🇷 한국 — AI,헨드릭,Bulldozer Master,XP Hero,Bulldozer Master,XP Hero,Bulldozer Master,XP Hero,Bulldozer Master,Bulldozer Master,XP Hero,Bulldozer Master,XP Hero,Bulldozer Master,XP Hero,Bulldozer Master,XP Hero,Bulldozer Master,Bulldozer Master,XP Hero,Bulldozer Master
🇰🇷 한국 — AI,엘라이,Bulldozer Master,XP Hero,Bulldozer Master,XP Hero,Bulldozer Master,XP Hero,Bulldozer Master,Bulldozer Master,XP Hero,Bulldozer Master,XP Hero,Bulldozer Master,XP Hero,Bulldozer Master,XP Hero,Bulldozer Master,Bulldozer Master,XP Hero,Bulldozer Master
🇻🇳 베트남 — UA,Ruelle,XP Hero,XP Hero,XP Hero,-,XP Hero,XP Hero,XP Hero,XP Hero,XP Hero,XP Hero,Bulldozer Master,Bulldozer Master,XP Hero,XP Hero,Bulldozer Master,Bulldozer Master,XP Hero,XP Hero,XP Hero
🇻🇳 베트남 — UA,Miko,Rush Attack,Frozia,Crab Life,-,Gangster Universe,My Supermarket,Burger Please,Idle Oil Empire,Captain of Space,Rush Attack,Match Flight,Idle Oil Empire,ETC,ETC,ETC,Idle Oil Empire,ETC,My Supermarket,Burger Please
🇻🇳 베트남 — UA,Quinne,Bulldozer Master,My Fish Shop,Bulldozer Master,-,Bulldozer Master,Bulldozer Master,My Fish Shop,Bulldozer Master,Bulldozer Master,Bulldozer Master,XP Hero,XP Hero,Bulldozer Master,Bulldozer Master,XP Hero,XP Hero,Bulldozer Master,Bulldozer Master,My Fish Shop
🇻🇳 베트남 — UA,Falcon,Arrow Fever,Smash Down,Arrow Fever,-,Arrow Fever,Target Smash,Smash Down,Arrow Fever,Arrow Fever,Target Smash,Smash Down,Arrow Fever,Arrow Fever,Target Smash,Arrow Fever,Arrow Fever,Arrow Fever,Target Smash,Smash Down
🇻🇳 베트남 — UA,Zaid,Snake Clash,Snake Clash,Snake Clash,-,Snake Clash,Snake Clash,Snake Clash,Snake Clash,Snake Clash,Snake Clash,Snake Clash,My Fish Shop,Snake Clash,Snake Clash,Snake Clash,My Fish Shop,Snake Clash,Snake Clash,Snake Clash
🇻🇳 베트남 — UA,Tilda,Pizza Ready,Pizza Ready,Pizza Ready,-,Pizza Ready,Pizza Ready,Pizza Ready,Pizza Ready,Pizza Ready,Pizza Ready,Pizza Ready,Pizza Ready,Pizza Ready,Pizza Ready,Pizza Ready,Pizza Ready,Pizza Ready,Pizza Ready,Pizza Ready
🇻🇳 베트남 — UA,Max,My Fish Shop,Target Smash,Whack Stack,-,Dragon Burst,Dino Universe,Target Smash,Whack Stack,Dragon Burst,Bulldozer Master ,Target Smash,Whack Stack,Dragon Burst,Bulldozer Master ,Target Smash,Whack Stack,Dragon Burst,Dino Universe,Target Smash
🇻🇳 베트남 — UA,Elvis,Suzy's Restaurant,Themepark Manager,Themepark Manager,-,Suzy's Restaurant,Snake Clash,Themepark Manager,Bulldozer Master ,Bulldozer Master ,Snake Clash,Themepark Manager,Snake Clash,Bulldozer Master ,Snake Clash,Themepark Manager,Snake Clash,Bulldozer Master ,Snake Clash,Themepark Manager
🇻🇳 베트남 — UA,Anthony,Suzy's Restaurant,Themepark Manager,Themepark Manager,-,-,-,Bulldozer Master,Spin Miner,Shark Universe,Bulldozer Master,Bulldozer Master,Spin Miner,Shark Universe,Bulldozer Master,Bulldozer Master,Spin Miner,Shark Universe,Bulldozer Master,Bulldozer Master
🇻🇳 베트남 — AI (Full),Elliot,Bulldozer Master,Bulldozer Master,XP Hero,-,XP Hero,Shark Universe,XP Hero,Bulldozer Master ,XP Hero,Bulldozer Master ,XP Hero,Bulldozer Master ,XP Hero,Bulldozer Master ,XP Hero,Bulldozer Master ,XP Hero,Shark Universe,XP Hero
🇻🇳 베트남 — AI (Full),Hozler,Dino Universe,Dino Universe,Captain of Space,-,(YT) Bulldozer Master ,(YT) Bulldozer Master ,(YT) Bulldozer Master ,(YT) Bulldozer Master ,(YT) Bulldozer Master ,(YT) Bulldozer Master ,(YT) Bulldozer Master ,(YT) Bulldozer Master ,(YT) Bulldozer Master ,(YT) Bulldozer Master ,(YT) Bulldozer Master ,(YT) Bulldozer Master ,(YT) Bulldozer Master ,(YT) Bulldozer Master ,(YT) Bulldozer Master 
🇻🇳 베트남 — AI (Full),Ellie,XP Hero,XP Hero,Theme Park Manager,-,Theme Park Manager,Bulldozer Master,Dinosaur Universe,Bulldozer Master ,Bulldozer Master ,Bulldozer Master ,Bulldozer Master ,Bulldozer Master ,Bulldozer Master ,Bulldozer Master ,Bulldozer Master ,Bulldozer Master ,Bulldozer Master ,Bulldozer Master,Dinosaur Universe
🇻🇳 베트남 — AI (Full),Thiago,Dino Universe,Dino Universe,Bulldozer Master,-,ai chatbot,(YT) Bulldozer Master ,(YT) Bulldozer Master ,(YT) Bulldozer Master ,(YT) Bulldozer Master ,(YT) Bulldozer Master ,(YT) Bulldozer Master ,(YT) Bulldozer Master ,(YT) Bulldozer Master ,(YT) Bulldozer Master ,(YT) Bulldozer Master ,(YT) Bulldozer Master ,(YT) Bulldozer Master ,(YT) Bulldozer Master ,(YT) Bulldozer Master 
🇻🇳 베트남 — AI (Full),Pax,Pizza Ready,Lumber Chopper,Shark Universe,-,ai chatbot,ai chatbot,Dinosaur Universe,XP Hero,Bulldozer Master ,XP Hero,Bulldozer Master ,XP Hero,Bulldozer Master ,XP Hero,Bulldozer Master ,XP Hero,Bulldozer Master ,XP Hero,Dinosaur Universe
🇻🇳 베트남 — AI (Full),Yuna,XP Hero,XP Hero,Dino Universe,-,(YT) Bulldozer Master ,(YT) Bulldozer Master ,(YT) Bulldozer Master ,(YT) Bulldozer Master ,(YT) Bulldozer Master ,(YT) Bulldozer Master ,(YT) Bulldozer Master ,(YT) Bulldozer Master ,(YT) Bulldozer Master ,(YT) Bulldozer Master ,(YT) Bulldozer Master ,(YT) Bulldozer Master ,(YT) Bulldozer Master ,(YT) Bulldozer Master ,(YT) Bulldozer Master 
🇻🇳 베트남 — AI (Full),Kurly,,,,,(YT) Bulldozer Master ,(YT) Bulldozer Master ,(YT) Bulldozer Master ,(YT) Bulldozer Master ,(YT) Bulldozer Master ,(YT) Bulldozer Master ,(YT) Bulldozer Master ,(YT) Bulldozer Master ,(YT) Bulldozer Master ,(YT) Bulldozer Master ,(YT) Bulldozer Master ,(YT) Bulldozer Master ,(YT) Bulldozer Master ,(YT) Bulldozer Master ,(YT) Bulldozer Master 
,,,,,,,,,,,,,,,,,,,,
*예외는 노란색 표시해주세요,,,,,,,,,,,,,,,,,,,,